email,password
test@eshop.com,Test1234!
user1@test.com,Password123!
user2@test.com,Password123!
user3@test.com,Password123!
user4@test.com,Password123!
user5@test.com,Password123!
user6@test.com,Password123!
user7@test.com,Password123!
user8@test.com,Password123!
user9@test.com,Password123!
user10@test.com,Password123!
user11@test.com,Password123!
user12@test.com,Password123!
user13@test.com,Password123!
user14@test.com,Password123!
user15@test.com,Password123!
user16@test.com,Password123!
user17@test.com,Password123!
user18@test.com,Password123!
user19@test.com,Password123!
user20@test.com,Password123!
